Ano,Regiao,NrObitosInfantis
2016,Centro-Oeste,6.390557939914163
2016,Sul,3.281144781144781
2017,Centro-Oeste,6.105150214592275
2017,Sul,3.393097643097643
2018,Centro-Oeste,6.225321888412017
2018,Sul,3.308922558922559
2019,Centro-Oeste,6.124463519313305
2019,Sul,3.3223905723905722
2020,Centro-Oeste,5.532188841201717
2020,Sul,2.8594276094276094
2021,Centro-Oeste,5.766094420600858
2021,Sul,2.882996632996633
